{
  "products": [
    {
      "id": 1,
      "name": "Item One",
      "description": "Super Widget",
      "status": "Available"
    },
    {
      "id": 2,
      "name": "Item Two",
      "description": "Gadget",
      "status": "Available"
    },
    {
      "id": 3,
      "name": "Item Three",
      "description": "Super Widget",
      "status": "Available"
    },
    {
      "id": 4,
      "name": "Item Four",
      "description": "Super Widget",
      "status": "Available"
    },
    {
      "id": 5,
      "name": "Test",
      "description": "Test",
      "status": "Test"
    }
  ]
}